doc_id,doc_content
20567,vela afterlife afterlife afterlife vela
20607,easter easter easter easter easter easter associate
20741,saved saved champions
20758,known theology theology visible regards orthodox godhead distinctions visible distinctions essence essence asignation godhead ascribed essence essence essence identical asignation mode ascribed mode identical essence godhead godhead essence godhead identical substance godhead asignation equal godhead visible godhead substance orthodox substance substance known essence essence essence godhead principles asignation essence ascribed orthodox gregory gregory orthodox essence essence essence equal godhead distinctions godhead asignation equal godhead essence orthodox gregory gregory theology
20859,prayers picture picture picture prayers wounded sub sub wounds sub prayers peace
20888,religion religion saved
20910,afterlife afterlife
20972,alternative alternative reasoning arguing
21334,iii books books books
21383,associate associate
21642,assumptions assumptions
21795,vela
51510,fixed fixed
51708,memory memory memory memory
52089,iii fonts fonts printer printer fonts printer iii printer
52187,umd russotto umd russotto cnn cnn suns suns russotto russotto umd russotto umd
52233,memory
52443,centris centris centris
52631,pit det tor phi pit stl pit stl tor pit stl det pit hfd det det phi pit hfd hfd stl tor stl phi pit hfd det tor pit phi phi det det phi tor hfd edm edm edm stl edm edm hfd phi edm tor det det tor tor edm tor det phi tor phi edm stl edm tor hfd hfd edm det phi pit hfd tor hfd stl edm pit det edm
53871,champs champs champs champions suns champions
54009,pens pens
54093,bryn det bryn hade hade det hade bryn bryn bryn bryn
54123,ufl ufl drugs drugs manufacture drugs smuggling smuggling domestic domestic domestic domestic smuggling smuggling drugs drugs veal
54148,ufl ufl
54260,licence licence drivers licence masses masses masses drivers licence
54383,wpi wpi wpi cnn
54424,cso pouring pouring pouring
54649,born greig greig greig tel
54661,manufacture agents manufacture
54714,cdt cdt
54735,belong belong
54766,pens
54847,agents agents
55086,btr btr btr btr reno visible reno religion messiah religion religion messiah messiah belong religion
55271,fixed
60206,drivers drivers
60937,compression texas
61075,courier courier courier compression courier mode compression cat cat cat
75995,hernlem hernlem wounded wounded hernlem hernlem
76032,unm unm born born born
76199,cso hovig cso hovig cso hovig cso hovig yalanci lie yalanci society yalanci yalanci yalanci yalanci peace yalanci peace yalanci yalanci yalanci society yalanci yalanci bayonets yalanci yalanci yalanci sub yalanci society peace peace society bayonets lie yalanci lie books cso hovig cso hovig lie lie domestic
76501,strip strip girls girls girls girls abu girls abu abu orthodox makhlouf strip makhlouf makhlouf
76541,representatives tel society tel
77223,assumptions magazine shot shot shot bayonets wounds shot wounds khojalu journalists journalists journalists khojalu journalists
77394,khojalu journalists journalists journalists khojalu journalists
102587,rotation rotation rotation throws
102645,rule record rule
102706,rickert nextwork rickert yankees yankees yankees yankees yankees yankees yankees yankees rickert rickert nextwork
104405,yankees nextwork
104420,traynor traynor traynor
104484,salaries salaries salaries
104716,rule rule throws rule throws
104821,barry barry
104958,sabo sabo sabo plenty plenty sabo sabo plenty
104959,reno
104992,harvard harvard sabo sabo sabo sabo sabo harvard
105012,barry maddux barry maddux maddux maddux rotation
176911,kimbark kaldis kaldis kaldis
176933,kaldis kaldis
176993,juris boulder kimbark picture alternative alternative known boulder juris boulder regards juris cdt juris boulder juris mar mar mar mar mar bounced regards juris bounced bounced kimbark
178382,veal veal principles principles principles representatives representatives decisions decisions plenty decisions decisions decisions decisions decisions arguing arguing senators reasoning reasoning reasoning reasoning record record senators senators arguing veal
178712,drugs
178860,lie
178932,motss motss motss
178970,magazine magazine
179025,russotto umd russotto unm
179078,texas texas
